--
-- PostgreSQL database dump
--

\restrict LJMignhE7PqRebYUnPCyY0DSbekBXeOHZ1yZPjxSMR03Tjr3KJlM14lWZFxgfT7

-- Dumped from database version 15.14 (Debian 15.14-0+deb12u1)
-- Dumped by pg_dump version 15.14 (Debian 15.14-0+deb12u1)

SET statement_timeout = 0;
SET lock_timeout = 0;
SET idle_in_transaction_session_timeout = 0;
SET client_encoding = 'UTF8';
SET standard_conforming_strings = on;
SELECT pg_catalog.set_config('search_path', '', false);
SET check_function_bodies = false;
SET xmloption = content;
SET client_min_messages = warning;
SET row_security = off;

SET default_tablespace = '';

SET default_table_access_method = heap;

--
-- Name: auth_group; Type: TABLE; Schema: public; Owner: eneamuser
--

CREATE TABLE public.auth_group (
    id integer NOT NULL,
    name character varying(150) NOT NULL
);


ALTER TABLE public.auth_group OWNER TO eneamuser;

--
-- Name: auth_group_id_seq; Type: SEQUENCE; Schema: public; Owner: eneamuser
--

ALTER TABLE public.auth_group ALTER COLUMN id ADD GENERATED BY DEFAULT AS IDENTITY (
    SEQUENCE NAME public.auth_group_id_seq
    START WITH 1
    INCREMENT BY 1
    NO MINVALUE
    NO MAXVALUE
    CACHE 1
);


--
-- Name: auth_group_permissions; Type: TABLE; Schema: public; Owner: eneamuser
--

CREATE TABLE public.auth_group_permissions (
    id bigint NOT NULL,
    group_id integer NOT NULL,
    permission_id integer NOT NULL
);


ALTER TABLE public.auth_group_permissions OWNER TO eneamuser;

--
-- Name: auth_group_permissions_id_seq; Type: SEQUENCE; Schema: public; Owner: eneamuser
--

ALTER TABLE public.auth_group_permissions ALTER COLUMN id ADD GENERATED BY DEFAULT AS IDENTITY (
    SEQUENCE NAME public.auth_group_permissions_id_seq
    START WITH 1
    INCREMENT BY 1
    NO MINVALUE
    NO MAXVALUE
    CACHE 1
);


--
-- Name: auth_permission; Type: TABLE; Schema: public; Owner: eneamuser
--

CREATE TABLE public.auth_permission (
    id integer NOT NULL,
    name character varying(255) NOT NULL,
    content_type_id integer NOT NULL,
    codename character varying(100) NOT NULL
);


ALTER TABLE public.auth_permission OWNER TO eneamuser;

--
-- Name: auth_permission_id_seq; Type: SEQUENCE; Schema: public; Owner: eneamuser
--

ALTER TABLE public.auth_permission ALTER COLUMN id ADD GENERATED BY DEFAULT AS IDENTITY (
    SEQUENCE NAME public.auth_permission_id_seq
    START WITH 1
    INCREMENT BY 1
    NO MINVALUE
    NO MAXVALUE
    CACHE 1
);


--
-- Name: auth_user; Type: TABLE; Schema: public; Owner: eneamuser
--

CREATE TABLE public.auth_user (
    id integer NOT NULL,
    password character varying(128) NOT NULL,
    last_login timestamp with time zone,
    is_superuser boolean NOT NULL,
    username character varying(150) NOT NULL,
    first_name character varying(150) NOT NULL,
    last_name character varying(150) NOT NULL,
    email character varying(254) NOT NULL,
    is_staff boolean NOT NULL,
    is_active boolean NOT NULL,
    date_joined timestamp with time zone NOT NULL
);


ALTER TABLE public.auth_user OWNER TO eneamuser;

--
-- Name: auth_user_groups; Type: TABLE; Schema: public; Owner: eneamuser
--

CREATE TABLE public.auth_user_groups (
    id bigint NOT NULL,
    user_id integer NOT NULL,
    group_id integer NOT NULL
);


ALTER TABLE public.auth_user_groups OWNER TO eneamuser;

--
-- Name: auth_user_groups_id_seq; Type: SEQUENCE; Schema: public; Owner: eneamuser
--

ALTER TABLE public.auth_user_groups ALTER COLUMN id ADD GENERATED BY DEFAULT AS IDENTITY (
    SEQUENCE NAME public.auth_user_groups_id_seq
    START WITH 1
    INCREMENT BY 1
    NO MINVALUE
    NO MAXVALUE
    CACHE 1
);


--
-- Name: auth_user_id_seq; Type: SEQUENCE; Schema: public; Owner: eneamuser
--

ALTER TABLE public.auth_user ALTER COLUMN id ADD GENERATED BY DEFAULT AS IDENTITY (
    SEQUENCE NAME public.auth_user_id_seq
    START WITH 1
    INCREMENT BY 1
    NO MINVALUE
    NO MAXVALUE
    CACHE 1
);


--
-- Name: auth_user_user_permissions; Type: TABLE; Schema: public; Owner: eneamuser
--

CREATE TABLE public.auth_user_user_permissions (
    id bigint NOT NULL,
    user_id integer NOT NULL,
    permission_id integer NOT NULL
);


ALTER TABLE public.auth_user_user_permissions OWNER TO eneamuser;

--
-- Name: auth_user_user_permissions_id_seq; Type: SEQUENCE; Schema: public; Owner: eneamuser
--

ALTER TABLE public.auth_user_user_permissions ALTER COLUMN id ADD GENERATED BY DEFAULT AS IDENTITY (
    SEQUENCE NAME public.auth_user_user_permissions_id_seq
    START WITH 1
    INCREMENT BY 1
    NO MINVALUE
    NO MAXVALUE
    CACHE 1
);


--
-- Name: authtoken_token; Type: TABLE; Schema: public; Owner: eneamuser
--

CREATE TABLE public.authtoken_token (
    key character varying(40) NOT NULL,
    created timestamp with time zone NOT NULL,
    user_id integer NOT NULL
);


ALTER TABLE public.authtoken_token OWNER TO eneamuser;

--
-- Name: django_admin_log; Type: TABLE; Schema: public; Owner: eneamuser
--

CREATE TABLE public.django_admin_log (
    id integer NOT NULL,
    action_time timestamp with time zone NOT NULL,
    object_id text,
    object_repr character varying(200) NOT NULL,
    action_flag smallint NOT NULL,
    change_message text NOT NULL,
    content_type_id integer,
    user_id integer NOT NULL,
    CONSTRAINT django_admin_log_action_flag_check CHECK ((action_flag >= 0))
);


ALTER TABLE public.django_admin_log OWNER TO eneamuser;

--
-- Name: django_admin_log_id_seq; Type: SEQUENCE; Schema: public; Owner: eneamuser
--

ALTER TABLE public.django_admin_log ALTER COLUMN id ADD GENERATED BY DEFAULT AS IDENTITY (
    SEQUENCE NAME public.django_admin_log_id_seq
    START WITH 1
    INCREMENT BY 1
    NO MINVALUE
    NO MAXVALUE
    CACHE 1
);


--
-- Name: django_content_type; Type: TABLE; Schema: public; Owner: eneamuser
--

CREATE TABLE public.django_content_type (
    id integer NOT NULL,
    app_label character varying(100) NOT NULL,
    model character varying(100) NOT NULL
);


ALTER TABLE public.django_content_type OWNER TO eneamuser;

--
-- Name: django_content_type_id_seq; Type: SEQUENCE; Schema: public; Owner: eneamuser
--

ALTER TABLE public.django_content_type ALTER COLUMN id ADD GENERATED BY DEFAULT AS IDENTITY (
    SEQUENCE NAME public.django_content_type_id_seq
    START WITH 1
    INCREMENT BY 1
    NO MINVALUE
    NO MAXVALUE
    CACHE 1
);


--
-- Name: django_migrations; Type: TABLE; Schema: public; Owner: eneamuser
--

CREATE TABLE public.django_migrations (
    id bigint NOT NULL,
    app character varying(255) NOT NULL,
    name character varying(255) NOT NULL,
    applied timestamp with time zone NOT NULL
);


ALTER TABLE public.django_migrations OWNER TO eneamuser;

--
-- Name: django_migrations_id_seq; Type: SEQUENCE; Schema: public; Owner: eneamuser
--

ALTER TABLE public.django_migrations ALTER COLUMN id ADD GENERATED BY DEFAULT AS IDENTITY (
    SEQUENCE NAME public.django_migrations_id_seq
    START WITH 1
    INCREMENT BY 1
    NO MINVALUE
    NO MAXVALUE
    CACHE 1
);


--
-- Name: django_session; Type: TABLE; Schema: public; Owner: eneamuser
--

CREATE TABLE public.django_session (
    session_key character varying(40) NOT NULL,
    session_data text NOT NULL,
    expire_date timestamp with time zone NOT NULL
);


ALTER TABLE public.django_session OWNER TO eneamuser;

--
-- Name: personnel_personnel; Type: TABLE; Schema: public; Owner: eneamuser
--

CREATE TABLE public.personnel_personnel (
    id bigint NOT NULL,
    nom character varying(100) NOT NULL,
    prenom character varying(100) NOT NULL,
    matricule character varying(50) NOT NULL,
    telephone character varying(20),
    fonction character varying(100) NOT NULL,
    mail character varying(254),
    adresse text
);


ALTER TABLE public.personnel_personnel OWNER TO eneamuser;

--
-- Name: personnel_personnel_id_seq; Type: SEQUENCE; Schema: public; Owner: eneamuser
--

ALTER TABLE public.personnel_personnel ALTER COLUMN id ADD GENERATED BY DEFAULT AS IDENTITY (
    SEQUENCE NAME public.personnel_personnel_id_seq
    START WITH 1
    INCREMENT BY 1
    NO MINVALUE
    NO MAXVALUE
    CACHE 1
);


--
-- Name: pointage_pointage; Type: TABLE; Schema: public; Owner: eneamuser
--

CREATE TABLE public.pointage_pointage (
    id bigint NOT NULL,
    type_pointage character varying(20) NOT NULL,
    datetime_pointage timestamp with time zone NOT NULL,
    notes text,
    appareil_id character varying(100) NOT NULL,
    synced_with_odoo boolean NOT NULL,
    personnel_id bigint NOT NULL
);


ALTER TABLE public.pointage_pointage OWNER TO eneamuser;

--
-- Name: pointage_pointage_id_seq; Type: SEQUENCE; Schema: public; Owner: eneamuser
--

ALTER TABLE public.pointage_pointage ALTER COLUMN id ADD GENERATED BY DEFAULT AS IDENTITY (
    SEQUENCE NAME public.pointage_pointage_id_seq
    START WITH 1
    INCREMENT BY 1
    NO MINVALUE
    NO MAXVALUE
    CACHE 1
);


--
-- Data for Name: auth_group; Type: TABLE DATA; Schema: public; Owner: eneamuser
--

COPY public.auth_group (id, name) FROM stdin;
\.


--
-- Data for Name: auth_group_permissions; Type: TABLE DATA; Schema: public; Owner: eneamuser
--

COPY public.auth_group_permissions (id, group_id, permission_id) FROM stdin;
\.


--
-- Data for Name: auth_permission; Type: TABLE DATA; Schema: public; Owner: eneamuser
--

COPY public.auth_permission (id, name, content_type_id, codename) FROM stdin;
1	Can add log entry	1	add_logentry
2	Can change log entry	1	change_logentry
3	Can delete log entry	1	delete_logentry
4	Can view log entry	1	view_logentry
5	Can add permission	2	add_permission
6	Can change permission	2	change_permission
7	Can delete permission	2	delete_permission
8	Can view permission	2	view_permission
9	Can add group	3	add_group
10	Can change group	3	change_group
11	Can delete group	3	delete_group
12	Can view group	3	view_group
13	Can add user	4	add_user
14	Can change user	4	change_user
15	Can delete user	4	delete_user
16	Can view user	4	view_user
17	Can add content type	5	add_contenttype
18	Can change content type	5	change_contenttype
19	Can delete content type	5	delete_contenttype
20	Can view content type	5	view_contenttype
21	Can add session	6	add_session
22	Can change session	6	change_session
23	Can delete session	6	delete_session
24	Can view session	6	view_session
25	Can add Token	7	add_token
26	Can change Token	7	change_token
27	Can delete Token	7	delete_token
28	Can view Token	7	view_token
29	Can add Token	8	add_tokenproxy
30	Can change Token	8	change_tokenproxy
31	Can delete Token	8	delete_tokenproxy
32	Can view Token	8	view_tokenproxy
33	Can add pointage	9	add_pointage
34	Can change pointage	9	change_pointage
35	Can delete pointage	9	delete_pointage
36	Can view pointage	9	view_pointage
37	Can add personnel	10	add_personnel
38	Can change personnel	10	change_personnel
39	Can delete personnel	10	delete_personnel
40	Can view personnel	10	view_personnel
\.


--
-- Data for Name: auth_user; Type: TABLE DATA; Schema: public; Owner: eneamuser
--

COPY public.auth_user (id, password, last_login, is_superuser, username, first_name, last_name, email, is_staff, is_active, date_joined) FROM stdin;
1	pbkdf2_sha256$1000000$o6Xo7SxXH0O1NcWwS0iwC2$FV/wZwIradjj/jPKsXcsaJCVNVtIdt+5bJCXZ6jcIP0=	2025-11-12 16:00:28.175781+00	t	admin			rfanomezaniavo@gmail.com	t	t	2025-11-04 09:04:10.963742+00
\.


--
-- Data for Name: auth_user_groups; Type: TABLE DATA; Schema: public; Owner: eneamuser
--

COPY public.auth_user_groups (id, user_id, group_id) FROM stdin;
\.


--
-- Data for Name: auth_user_user_permissions; Type: TABLE DATA; Schema: public; Owner: eneamuser
--

COPY public.auth_user_user_permissions (id, user_id, permission_id) FROM stdin;
\.


--
-- Data for Name: authtoken_token; Type: TABLE DATA; Schema: public; Owner: eneamuser
--

COPY public.authtoken_token (key, created, user_id) FROM stdin;
\.


--
-- Data for Name: django_admin_log; Type: TABLE DATA; Schema: public; Owner: eneamuser
--

COPY public.django_admin_log (id, action_time, object_id, object_repr, action_flag, change_message, content_type_id, user_id) FROM stdin;
1	2025-11-04 09:06:12.405529+00	1	RAKOTOMAMINIRIANA Fanomezaniavo STG02	1	[{"added": {}}]	10	1
2	2025-11-04 09:06:52.409089+00	2	Maminiriana fenohery STG022	1	[{"added": {}}]	10	1
3	2025-11-04 09:07:52.395288+00	3	RABENJARISOA Tantelinirina INFO01	1	[{"added": {}}]	10	1
4	2025-11-04 09:08:28.991949+00	4	SOLOMON Solomon STG01	1	[{"added": {}}]	10	1
5	2025-11-04 17:00:27.323658+00	1	INFO01 - Arrivée - 2025-11-04 17:00:27.295490+00:00	1	[{"added": {}}]	9	1
6	2025-11-10 08:47:42.266364+00	6	STG01 - Départ - 2025-11-10 08:30:01.889073+00:00	3		9	1
7	2025-11-10 08:47:42.266465+00	5	STG01 - Arrivée - 2025-11-10 08:29:15.306548+00:00	3		9	1
8	2025-11-11 07:07:34.975541+00	7	STG01 - Arrivée - 2025-11-11 07:06:28.845874+00:00	3		9	1
\.


--
-- Data for Name: django_content_type; Type: TABLE DATA; Schema: public; Owner: eneamuser
--

COPY public.django_content_type (id, app_label, model) FROM stdin;
1	admin	logentry
2	auth	permission
3	auth	group
4	auth	user
5	contenttypes	contenttype
6	sessions	session
7	authtoken	token
8	authtoken	tokenproxy
9	pointage	pointage
10	personnel	personnel
\.


--
-- Data for Name: django_migrations; Type: TABLE DATA; Schema: public; Owner: eneamuser
--

COPY public.django_migrations (id, app, name, applied) FROM stdin;
1	contenttypes	0001_initial	2025-11-04 08:56:31.268678+00
2	auth	0001_initial	2025-11-04 08:56:34.080418+00
3	admin	0001_initial	2025-11-04 08:56:35.002276+00
4	admin	0002_logentry_remove_auto_add	2025-11-04 08:56:35.117346+00
5	admin	0003_logentry_add_action_flag_choices	2025-11-04 08:56:35.253454+00
6	contenttypes	0002_remove_content_type_name	2025-11-04 08:56:35.435994+00
7	auth	0002_alter_permission_name_max_length	2025-11-04 08:56:35.555805+00
8	auth	0003_alter_user_email_max_length	2025-11-04 08:56:35.673505+00
9	auth	0004_alter_user_username_opts	2025-11-04 08:56:35.81054+00
10	auth	0005_alter_user_last_login_null	2025-11-04 08:56:35.922542+00
11	auth	0006_require_contenttypes_0002	2025-11-04 08:56:35.991863+00
12	auth	0007_alter_validators_add_error_messages	2025-11-04 08:56:36.111278+00
13	auth	0008_alter_user_username_max_length	2025-11-04 08:56:36.291965+00
14	auth	0009_alter_user_last_name_max_length	2025-11-04 08:56:36.471534+00
15	auth	0010_alter_group_name_max_length	2025-11-04 08:56:36.583754+00
16	auth	0011_update_proxy_permissions	2025-11-04 08:56:36.683956+00
17	auth	0012_alter_user_first_name_max_length	2025-11-04 08:56:36.820408+00
18	authtoken	0001_initial	2025-11-04 08:56:37.247092+00
19	authtoken	0002_auto_20160226_1747	2025-11-04 08:56:37.412966+00
20	authtoken	0003_tokenproxy	2025-11-04 08:56:37.469721+00
21	authtoken	0004_alter_tokenproxy_options	2025-11-04 08:56:37.557192+00
22	personnel	0001_initial	2025-11-04 08:56:38.213459+00
23	pointage	0001_initial	2025-11-04 08:56:39.191369+00
24	sessions	0001_initial	2025-11-04 08:56:41.40257+00
25	pointage	0002_add_odoo_pointage_id	2025-11-04 16:50:02.403438+00
\.


--
-- Data for Name: django_session; Type: TABLE DATA; Schema: public; Owner: eneamuser
--

COPY public.django_session (session_key, session_data, expire_date) FROM stdin;
jq2kc7ju92sno1xd2e4o4gqnpddo60y0	.eJxVjDsOgzAQBe_iOrL8Qf6kTJ8zoF3vbkwSgYShQrl7QKJI2jczb1M9rEvt18ZzP5C6KqsuvxtCefF4AHrC-Jh0mcZlHlAfij5p0_eJ-H073b-DCq3utctiXCAW6hJ3nU_Joo2FEVFEYiZgxgwWckhl15wJFDwHER_FJFGfLxLuOXA:1vINYK:4JkMhwlHGjMHp-xyfB0c7XHgV5WsRP807PvDM15x-yI	2025-11-24 08:47:08.124432+00
etv6g249i35cjwgyj6943wm1wjdlwid5	.eJxVjDsOgzAQBe_iOrL8Qf6kTJ8zoF3vbkwSgYShQrl7QKJI2jczb1M9rEvt18ZzP5C6KqsuvxtCefF4AHrC-Jh0mcZlHlAfij5p0_eJ-H073b-DCq3utctiXCAW6hJ3nU_Joo2FEVFEYiZgxgwWckhl15wJFDwHER_FJFGfLxLuOXA:1vINYK:4JkMhwlHGjMHp-xyfB0c7XHgV5WsRP807PvDM15x-yI	2025-11-24 08:47:08.708832+00
ecpyrrvuiedjs9bulnk61s740bqpj0ch	.eJxVjDsOgzAQBe_iOrL8Qf6kTJ8zoF3vbkwSgYShQrl7QKJI2jczb1M9rEvt18ZzP5C6KqsuvxtCefF4AHrC-Jh0mcZlHlAfij5p0_eJ-H073b-DCq3utctiXCAW6hJ3nU_Joo2FEVFEYiZgxgwWckhl15wJFDwHER_FJFGfLxLuOXA:1vJCsc:2oB1YrzHjnlbvHLS3C2p_TxG7Qa3FoqEntmCDoiJ07M	2025-11-26 15:35:30.468776+00
tx7w21l81hpp2eedoh0haudizvzkk72d	.eJxVjDsOgzAQBe_iOrL8Qf6kTJ8zoF3vbkwSgYShQrl7QKJI2jczb1M9rEvt18ZzP5C6KqsuvxtCefF4AHrC-Jh0mcZlHlAfij5p0_eJ-H073b-DCq3utctiXCAW6hJ3nU_Joo2FEVFEYiZgxgwWckhl15wJFDwHER_FJFGfLxLuOXA:1vJCsd:V0Lh6IMIoLyRR-6s_b_1kcM0Jkz26adkJSj_LPjYlfM	2025-11-26 15:35:31.091605+00
fs1dytgvvhfez4cc73bcbawyje4c6t66	.eJxVjDsOgzAQBe_iOrL8Qf6kTJ8zoF3vbkwSgYShQrl7QKJI2jczb1M9rEvt18ZzP5C6KqsuvxtCefF4AHrC-Jh0mcZlHlAfij5p0_eJ-H073b-DCq3utctiXCAW6hJ3nU_Joo2FEVFEYiZgxgwWckhl15wJFDwHER_FJFGfLxLuOXA:1vJCwY:I0SOvrs1Fby4CVm4S2Df9NzHYAJaoh9wS_q0a5AJcfQ	2025-11-26 15:39:34.49214+00
\.


--
-- Data for Name: personnel_personnel; Type: TABLE DATA; Schema: public; Owner: eneamuser
--

COPY public.personnel_personnel (id, nom, prenom, matricule, telephone, fonction, mail, adresse) FROM stdin;
1	RAKOTOMAMINIRIANA	Fanomezaniavo	STG02	+261342875234	Stagiaire	rfanomezaniavo@gmail.com	None
2	Maminiriana	fenohery	STG022	+261342875234	Stagiaire	rfenoherysarobidy@gmail.com	Maninday
3	RABENJARISOA	Tantelinirina	INFO01	261340000000	Responsable_Informatique	rabenjarisoatantelinirina@gmail.com	none
4	SOLOMON	Solomon	STG01	261340000000	Stagiaire	tsimagnefedrazasolomon@gmail.com	ivato
\.


--
-- Data for Name: pointage_pointage; Type: TABLE DATA; Schema: public; Owner: eneamuser
--

COPY public.pointage_pointage (id, type_pointage, datetime_pointage, notes, appareil_id, synced_with_odoo, personnel_id) FROM stdin;
1	arrivee	2025-11-04 17:00:27.29549+00	no comment	001	t	3
2	arrivee	2025-11-05 08:13:28.565896+00	test	odoo_test	f	3
3	arrivee	2025-11-05 10:55:56.770584+00	Test depuis Odoo shell	odoo_test	f	4
4	arrivee	2025-11-05 11:03:22.38529+00	Pointage test synchronisation	odoo_front	f	4
8	arrivee	2025-11-11 07:44:02.17046+00	Pointage arrivee depuis interface web	odoo_front	f	4
9	depart	2025-11-11 07:44:09.804761+00	Pointage depart depuis interface web	odoo_front	f	4
10	depart	2025-11-11 07:44:16.612437+00	Pointage depart depuis interface web	odoo_front	f	4
11	arrivee	2025-11-11 07:44:23.801254+00	Pointage arrivee depuis interface web	odoo_front	f	4
12	depart	2025-11-11 07:45:03.209361+00	Pointage depart depuis interface web	odoo_front	f	4
13	arrivee	2025-11-11 08:15:27.371349+00	Pointage arrivee depuis interface web	odoo_front	f	2
14	depart	2025-11-11 11:46:54.446604+00	Pointage depart depuis interface web	odoo_front	f	2
15	depart	2025-11-11 11:47:20.715878+00	Pointage depart depuis interface web	odoo_front	f	4
16	depart	2025-11-11 11:50:34.145475+00	Pointage depart depuis interface web	odoo_front	f	4
17	depart	2025-11-11 11:50:45.973257+00	Pointage depart depuis interface web	odoo_front	f	4
18	depart	2025-11-11 11:50:58.555971+00	Pointage depart depuis interface web	odoo_front	f	4
19	depart	2025-11-11 12:12:02.432028+00	Pointage depart depuis interface web	odoo_front	f	4
20	arrivee	2025-11-14 07:16:06.529084+00	Pointage arrivee depuis interface web	odoo_front	f	2
21	arrivee	2025-11-14 07:16:30.396067+00	Pointage arrivee depuis interface web	odoo_front	f	4
22	arrivee	2025-11-14 07:36:01.00909+00	Pointage arrivee depuis interface web	odoo_front	f	2
23	depart	2025-11-14 11:47:28.867828+00	Pointage depart depuis interface web	odoo_front	f	2
\.


--
-- Name: auth_group_id_seq; Type: SEQUENCE SET; Schema: public; Owner: eneamuser
--

SELECT pg_catalog.setval('public.auth_group_id_seq', 1, false);


--
-- Name: auth_group_permissions_id_seq; Type: SEQUENCE SET; Schema: public; Owner: eneamuser
--

SELECT pg_catalog.setval('public.auth_group_permissions_id_seq', 1, false);


--
-- Name: auth_permission_id_seq; Type: SEQUENCE SET; Schema: public; Owner: eneamuser
--

SELECT pg_catalog.setval('public.auth_permission_id_seq', 40, true);


--
-- Name: auth_user_groups_id_seq; Type: SEQUENCE SET; Schema: public; Owner: eneamuser
--

SELECT pg_catalog.setval('public.auth_user_groups_id_seq', 1, false);


--
-- Name: auth_user_id_seq; Type: SEQUENCE SET; Schema: public; Owner: eneamuser
--

SELECT pg_catalog.setval('public.auth_user_id_seq', 1, true);


--
-- Name: auth_user_user_permissions_id_seq; Type: SEQUENCE SET; Schema: public; Owner: eneamuser
--

SELECT pg_catalog.setval('public.auth_user_user_permissions_id_seq', 1, false);


--
-- Name: django_admin_log_id_seq; Type: SEQUENCE SET; Schema: public; Owner: eneamuser
--

SELECT pg_catalog.setval('public.django_admin_log_id_seq', 8, true);


--
-- Name: django_content_type_id_seq; Type: SEQUENCE SET; Schema: public; Owner: eneamuser
--

SELECT pg_catalog.setval('public.django_content_type_id_seq', 10, true);


--
-- Name: django_migrations_id_seq; Type: SEQUENCE SET; Schema: public; Owner: eneamuser
--

SELECT pg_catalog.setval('public.django_migrations_id_seq', 25, true);


--
-- Name: personnel_personnel_id_seq; Type: SEQUENCE SET; Schema: public; Owner: eneamuser
--

SELECT pg_catalog.setval('public.personnel_personnel_id_seq', 4, true);


--
-- Name: pointage_pointage_id_seq; Type: SEQUENCE SET; Schema: public; Owner: eneamuser
--

SELECT pg_catalog.setval('public.pointage_pointage_id_seq', 23, true);


--
-- Name: auth_group auth_group_name_key; Type: CONSTRAINT; Schema: public; Owner: eneamuser
--

ALTER TABLE ONLY public.auth_group
    ADD CONSTRAINT auth_group_name_key UNIQUE (name);


--
-- Name: auth_group_permissions auth_group_permissions_group_id_permission_id_0cd325b0_uniq; Type: CONSTRAINT; Schema: public; Owner: eneamuser
--

ALTER TABLE ONLY public.auth_group_permissions
    ADD CONSTRAINT auth_group_permissions_group_id_permission_id_0cd325b0_uniq UNIQUE (group_id, permission_id);


--
-- Name: auth_group_permissions auth_group_permissions_pkey; Type: CONSTRAINT; Schema: public; Owner: eneamuser
--

ALTER TABLE ONLY public.auth_group_permissions
    ADD CONSTRAINT auth_group_permissions_pkey PRIMARY KEY (id);


--
-- Name: auth_group auth_group_pkey; Type: CONSTRAINT; Schema: public; Owner: eneamuser
--

ALTER TABLE ONLY public.auth_group
    ADD CONSTRAINT auth_group_pkey PRIMARY KEY (id);


--
-- Name: auth_permission auth_permission_content_type_id_codename_01ab375a_uniq; Type: CONSTRAINT; Schema: public; Owner: eneamuser
--

ALTER TABLE ONLY public.auth_permission
    ADD CONSTRAINT auth_permission_content_type_id_codename_01ab375a_uniq UNIQUE (content_type_id, codename);


--
-- Name: auth_permission auth_permission_pkey; Type: CONSTRAINT; Schema: public; Owner: eneamuser
--

ALTER TABLE ONLY public.auth_permission
    ADD CONSTRAINT auth_permission_pkey PRIMARY KEY (id);


--
-- Name: auth_user_groups auth_user_groups_pkey; Type: CONSTRAINT; Schema: public; Owner: eneamuser
--

ALTER TABLE ONLY public.auth_user_groups
    ADD CONSTRAINT auth_user_groups_pkey PRIMARY KEY (id);


--
-- Name: auth_user_groups auth_user_groups_user_id_group_id_94350c0c_uniq; Type: CONSTRAINT; Schema: public; Owner: eneamuser
--

ALTER TABLE ONLY public.auth_user_groups
    ADD CONSTRAINT auth_user_groups_user_id_group_id_94350c0c_uniq UNIQUE (user_id, group_id);


--
-- Name: auth_user auth_user_pkey; Type: CONSTRAINT; Schema: public; Owner: eneamuser
--

ALTER TABLE ONLY public.auth_user
    ADD CONSTRAINT auth_user_pkey PRIMARY KEY (id);


--
-- Name: auth_user_user_permissions auth_user_user_permissions_pkey; Type: CONSTRAINT; Schema: public; Owner: eneamuser
--

ALTER TABLE ONLY public.auth_user_user_permissions
    ADD CONSTRAINT auth_user_user_permissions_pkey PRIMARY KEY (id);


--
-- Name: auth_user_user_permissions auth_user_user_permissions_user_id_permission_id_14a6b632_uniq; Type: CONSTRAINT; Schema: public; Owner: eneamuser
--

ALTER TABLE ONLY public.auth_user_user_permissions
    ADD CONSTRAINT auth_user_user_permissions_user_id_permission_id_14a6b632_uniq UNIQUE (user_id, permission_id);


--
-- Name: auth_user auth_user_username_key; Type: CONSTRAINT; Schema: public; Owner: eneamuser
--

ALTER TABLE ONLY public.auth_user
    ADD CONSTRAINT auth_user_username_key UNIQUE (username);


--
-- Name: authtoken_token authtoken_token_pkey; Type: CONSTRAINT; Schema: public; Owner: eneamuser
--

ALTER TABLE ONLY public.authtoken_token
    ADD CONSTRAINT authtoken_token_pkey PRIMARY KEY (key);


--
-- Name: authtoken_token authtoken_token_user_id_key; Type: CONSTRAINT; Schema: public; Owner: eneamuser
--

ALTER TABLE ONLY public.authtoken_token
    ADD CONSTRAINT authtoken_token_user_id_key UNIQUE (user_id);


--
-- Name: django_admin_log django_admin_log_pkey; Type: CONSTRAINT; Schema: public; Owner: eneamuser
--

ALTER TABLE ONLY public.django_admin_log
    ADD CONSTRAINT django_admin_log_pkey PRIMARY KEY (id);


--
-- Name: django_content_type django_content_type_app_label_model_76bd3d3b_uniq; Type: CONSTRAINT; Schema: public; Owner: eneamuser
--

ALTER TABLE ONLY public.django_content_type
    ADD CONSTRAINT django_content_type_app_label_model_76bd3d3b_uniq UNIQUE (app_label, model);


--
-- Name: django_content_type django_content_type_pkey; Type: CONSTRAINT; Schema: public; Owner: eneamuser
--

ALTER TABLE ONLY public.django_content_type
    ADD CONSTRAINT django_content_type_pkey PRIMARY KEY (id);


--
-- Name: django_migrations django_migrations_pkey; Type: CONSTRAINT; Schema: public; Owner: eneamuser
--

ALTER TABLE ONLY public.django_migrations
    ADD CONSTRAINT django_migrations_pkey PRIMARY KEY (id);


--
-- Name: django_session django_session_pkey; Type: CONSTRAINT; Schema: public; Owner: eneamuser
--

ALTER TABLE ONLY public.django_session
    ADD CONSTRAINT django_session_pkey PRIMARY KEY (session_key);


--
-- Name: personnel_personnel personnel_personnel_matricule_key; Type: CONSTRAINT; Schema: public; Owner: eneamuser
--

ALTER TABLE ONLY public.personnel_personnel
    ADD CONSTRAINT personnel_personnel_matricule_key UNIQUE (matricule);


--
-- Name: personnel_personnel personnel_personnel_pkey; Type: CONSTRAINT; Schema: public; Owner: eneamuser
--

ALTER TABLE ONLY public.personnel_personnel
    ADD CONSTRAINT personnel_personnel_pkey PRIMARY KEY (id);


--
-- Name: pointage_pointage pointage_pointage_pkey; Type: CONSTRAINT; Schema: public; Owner: eneamuser
--

ALTER TABLE ONLY public.pointage_pointage
    ADD CONSTRAINT pointage_pointage_pkey PRIMARY KEY (id);


--
-- Name: auth_group_name_a6ea08ec_like; Type: INDEX; Schema: public; Owner: eneamuser
--

CREATE INDEX auth_group_name_a6ea08ec_like ON public.auth_group USING btree (name varchar_pattern_ops);


--
-- Name: auth_group_permissions_group_id_b120cbf9; Type: INDEX; Schema: public; Owner: eneamuser
--

CREATE INDEX auth_group_permissions_group_id_b120cbf9 ON public.auth_group_permissions USING btree (group_id);


--
-- Name: auth_group_permissions_permission_id_84c5c92e; Type: INDEX; Schema: public; Owner: eneamuser
--

CREATE INDEX auth_group_permissions_permission_id_84c5c92e ON public.auth_group_permissions USING btree (permission_id);


--
-- Name: auth_permission_content_type_id_2f476e4b; Type: INDEX; Schema: public; Owner: eneamuser
--

CREATE INDEX auth_permission_content_type_id_2f476e4b ON public.auth_permission USING btree (content_type_id);


--
-- Name: auth_user_groups_group_id_97559544; Type: INDEX; Schema: public; Owner: eneamuser
--

CREATE INDEX auth_user_groups_group_id_97559544 ON public.auth_user_groups USING btree (group_id);


--
-- Name: auth_user_groups_user_id_6a12ed8b; Type: INDEX; Schema: public; Owner: eneamuser
--

CREATE INDEX auth_user_groups_user_id_6a12ed8b ON public.auth_user_groups USING btree (user_id);


--
-- Name: auth_user_user_permissions_permission_id_1fbb5f2c; Type: INDEX; Schema: public; Owner: eneamuser
--

CREATE INDEX auth_user_user_permissions_permission_id_1fbb5f2c ON public.auth_user_user_permissions USING btree (permission_id);


--
-- Name: auth_user_user_permissions_user_id_a95ead1b; Type: INDEX; Schema: public; Owner: eneamuser
--

CREATE INDEX auth_user_user_permissions_user_id_a95ead1b ON public.auth_user_user_permissions USING btree (user_id);


--
-- Name: auth_user_username_6821ab7c_like; Type: INDEX; Schema: public; Owner: eneamuser
--

CREATE INDEX auth_user_username_6821ab7c_like ON public.auth_user USING btree (username varchar_pattern_ops);


--
-- Name: authtoken_token_key_10f0b77e_like; Type: INDEX; Schema: public; Owner: eneamuser
--

CREATE INDEX authtoken_token_key_10f0b77e_like ON public.authtoken_token USING btree (key varchar_pattern_ops);


--
-- Name: django_admin_log_content_type_id_c4bce8eb; Type: INDEX; Schema: public; Owner: eneamuser
--

CREATE INDEX django_admin_log_content_type_id_c4bce8eb ON public.django_admin_log USING btree (content_type_id);


--
-- Name: django_admin_log_user_id_c564eba6; Type: INDEX; Schema: public; Owner: eneamuser
--

CREATE INDEX django_admin_log_user_id_c564eba6 ON public.django_admin_log USING btree (user_id);


--
-- Name: django_session_expire_date_a5c62663; Type: INDEX; Schema: public; Owner: eneamuser
--

CREATE INDEX django_session_expire_date_a5c62663 ON public.django_session USING btree (expire_date);


--
-- Name: django_session_session_key_c0390e0f_like; Type: INDEX; Schema: public; Owner: eneamuser
--

CREATE INDEX django_session_session_key_c0390e0f_like ON public.django_session USING btree (session_key varchar_pattern_ops);


--
-- Name: personnel_personnel_matricule_44fa6157_like; Type: INDEX; Schema: public; Owner: eneamuser
--

CREATE INDEX personnel_personnel_matricule_44fa6157_like ON public.personnel_personnel USING btree (matricule varchar_pattern_ops);


--
-- Name: pointage_po_personn_aaf184_idx; Type: INDEX; Schema: public; Owner: eneamuser
--

CREATE INDEX pointage_po_personn_aaf184_idx ON public.pointage_pointage USING btree (personnel_id, datetime_pointage);


--
-- Name: pointage_pointage_personnel_id_17ffbb2e; Type: INDEX; Schema: public; Owner: eneamuser
--

CREATE INDEX pointage_pointage_personnel_id_17ffbb2e ON public.pointage_pointage USING btree (personnel_id);


--
-- Name: auth_group_permissions auth_group_permissio_permission_id_84c5c92e_fk_auth_perm; Type: FK CONSTRAINT; Schema: public; Owner: eneamuser
--

ALTER TABLE ONLY public.auth_group_permissions
    ADD CONSTRAINT auth_group_permissio_permission_id_84c5c92e_fk_auth_perm FOREIGN KEY (permission_id) REFERENCES public.auth_permission(id) DEFERRABLE INITIALLY DEFERRED;


--
-- Name: auth_group_permissions auth_group_permissions_group_id_b120cbf9_fk_auth_group_id; Type: FK CONSTRAINT; Schema: public; Owner: eneamuser
--

ALTER TABLE ONLY public.auth_group_permissions
    ADD CONSTRAINT auth_group_permissions_group_id_b120cbf9_fk_auth_group_id FOREIGN KEY (group_id) REFERENCES public.auth_group(id) DEFERRABLE INITIALLY DEFERRED;


--
-- Name: auth_permission auth_permission_content_type_id_2f476e4b_fk_django_co; Type: FK CONSTRAINT; Schema: public; Owner: eneamuser
--

ALTER TABLE ONLY public.auth_permission
    ADD CONSTRAINT auth_permission_content_type_id_2f476e4b_fk_django_co FOREIGN KEY (content_type_id) REFERENCES public.django_content_type(id) DEFERRABLE INITIALLY DEFERRED;


--
-- Name: auth_user_groups auth_user_groups_group_id_97559544_fk_auth_group_id; Type: FK CONSTRAINT; Schema: public; Owner: eneamuser
--

ALTER TABLE ONLY public.auth_user_groups
    ADD CONSTRAINT auth_user_groups_group_id_97559544_fk_auth_group_id FOREIGN KEY (group_id) REFERENCES public.auth_group(id) DEFERRABLE INITIALLY DEFERRED;


--
-- Name: auth_user_groups auth_user_groups_user_id_6a12ed8b_fk_auth_user_id; Type: FK CONSTRAINT; Schema: public; Owner: eneamuser
--

ALTER TABLE ONLY public.auth_user_groups
    ADD CONSTRAINT auth_user_groups_user_id_6a12ed8b_fk_auth_user_id FOREIGN KEY (user_id) REFERENCES public.auth_user(id) DEFERRABLE INITIALLY DEFERRED;


--
-- Name: auth_user_user_permissions auth_user_user_permi_permission_id_1fbb5f2c_fk_auth_perm; Type: FK CONSTRAINT; Schema: public; Owner: eneamuser
--

ALTER TABLE ONLY public.auth_user_user_permissions
    ADD CONSTRAINT auth_user_user_permi_permission_id_1fbb5f2c_fk_auth_perm FOREIGN KEY (permission_id) REFERENCES public.auth_permission(id) DEFERRABLE INITIALLY DEFERRED;


--
-- Name: auth_user_user_permissions auth_user_user_permissions_user_id_a95ead1b_fk_auth_user_id; Type: FK CONSTRAINT; Schema: public; Owner: eneamuser
--

ALTER TABLE ONLY public.auth_user_user_permissions
    ADD CONSTRAINT auth_user_user_permissions_user_id_a95ead1b_fk_auth_user_id FOREIGN KEY (user_id) REFERENCES public.auth_user(id) DEFERRABLE INITIALLY DEFERRED;


--
-- Name: authtoken_token authtoken_token_user_id_35299eff_fk_auth_user_id; Type: FK CONSTRAINT; Schema: public; Owner: eneamuser
--

ALTER TABLE ONLY public.authtoken_token
    ADD CONSTRAINT authtoken_token_user_id_35299eff_fk_auth_user_id FOREIGN KEY (user_id) REFERENCES public.auth_user(id) DEFERRABLE INITIALLY DEFERRED;


--
-- Name: django_admin_log django_admin_log_content_type_id_c4bce8eb_fk_django_co; Type: FK CONSTRAINT; Schema: public; Owner: eneamuser
--

ALTER TABLE ONLY public.django_admin_log
    ADD CONSTRAINT django_admin_log_content_type_id_c4bce8eb_fk_django_co FOREIGN KEY (content_type_id) REFERENCES public.django_content_type(id) DEFERRABLE INITIALLY DEFERRED;


--
-- Name: django_admin_log django_admin_log_user_id_c564eba6_fk_auth_user_id; Type: FK CONSTRAINT; Schema: public; Owner: eneamuser
--

ALTER TABLE ONLY public.django_admin_log
    ADD CONSTRAINT django_admin_log_user_id_c564eba6_fk_auth_user_id FOREIGN KEY (user_id) REFERENCES public.auth_user(id) DEFERRABLE INITIALLY DEFERRED;


--
-- Name: pointage_pointage pointage_pointage_personnel_id_17ffbb2e_fk_personnel; Type: FK CONSTRAINT; Schema: public; Owner: eneamuser
--

ALTER TABLE ONLY public.pointage_pointage
    ADD CONSTRAINT pointage_pointage_personnel_id_17ffbb2e_fk_personnel FOREIGN KEY (personnel_id) REFERENCES public.personnel_personnel(id) DEFERRABLE INITIALLY DEFERRED;


--
-- PostgreSQL database dump complete
--

\unrestrict LJMignhE7PqRebYUnPCyY0DSbekBXeOHZ1yZPjxSMR03Tjr3KJlM14lWZFxgfT7

